images/0/1.jpg,0
images/0/10.jpg,0
images/0/11.jpg,0
images/0/12.jpg,0
images/0/13.jpg,0
images/0/14.jpg,0
images/0/15.jpg,0
images/0/16.jpg,0
images/0/17.jpg,0
images/0/18.jpg,0
images/0/19.jpg,0
images/0/2.jpg,0
images/0/20.jpg,0
images/0/21.jpg,0
images/0/22.jpg,0
images/0/23.jpg,0
images/0/24.jpg,0
images/0/25.jpg,0
images/0/26.jpg,0
images/0/27.jpg,0
images/0/28.jpg,0
images/0/29.jpg,0
images/0/3.jpg,0
images/0/30.jpg,0
images/0/31.jpg,0
images/0/32.jpg,0
images/0/33.jpg,0
images/0/34.jpg,0
images/0/35.jpg,0
images/0/36.jpg,0
images/0/37.jpg,0
images/0/38.jpg,0
images/0/39.jpg,0
images/0/4.jpg,0
images/0/40.jpg,0
images/0/41.jpg,0
images/0/42.jpg,0
images/0/43.jpg,0
images/0/44.jpg,0
images/0/45.jpg,0
images/0/46.jpg,0
images/0/47.jpg,0
images/0/48.jpg,0
images/0/49.jpg,0
images/0/5.jpg,0
images/0/50.jpg,0
images/0/51.jpg,0
images/0/52.jpg,0
images/0/53.jpg,0
images/0/54.jpg,0
images/0/55.jpg,0
images/0/56.jpg,0
images/0/57.jpg,0
images/0/58.jpg,0
images/0/59.jpg,0
images/0/6.jpg,0
images/0/60.jpg,0
images/0/61.jpg,0
images/0/62.jpg,0
images/0/63.jpg,0
images/0/64.jpg,0
images/0/65.jpg,0
images/0/66.jpg,0
images/0/67.jpg,0
images/0/68.jpg,0
images/0/69.jpg,0
images/0/7.jpg,0
images/0/70.jpg,0
images/0/71.jpg,0
images/0/72.jpg,0
images/0/73.jpg,0
images/0/74.jpg,0
images/0/75.jpg,0
images/0/76.jpg,0
images/0/77.jpg,0
images/0/78.jpg,0
images/0/79.jpg,0
images/0/8.jpg,0
images/0/80.jpg,0
images/0/81.jpg,0
images/0/82.jpg,0
images/0/83.jpg,0
images/0/84.jpg,0
images/0/85.jpg,0
images/0/86.jpg,0
images/0/87.jpg,0
images/0/88.jpg,0
images/0/89.jpg,0
images/0/9.jpg,0
images/0/90.jpg,0
images/0/91.jpg,0
images/0/92.jpg,0
images/0/93.jpg,0
images/0/94.jpg,0
images/0/95.jpg,0
images/0/96.jpg,0
images/1/1.jpg,1
images/1/10.jpg,1
images/1/100.jpg,1
images/1/101.jpg,1
images/1/102.jpg,1
images/1/103.jpg,1
images/1/104.jpg,1
images/1/105.jpg,1
images/1/106.jpg,1
images/1/107.jpg,1
images/1/108.jpg,1
images/1/109.jpg,1
images/1/11.jpg,1
images/1/110.jpg,1
images/1/111.jpg,1
images/1/112.jpg,1
images/1/113.jpg,1
images/1/114.jpg,1
images/1/115.jpg,1
images/1/116.jpg,1
images/1/117.jpg,1
images/1/118.jpg,1
images/1/119.jpg,1
images/1/12.jpg,1
images/1/120.jpg,1
images/1/121.jpg,1
images/1/122.jpg,1
images/1/123.jpg,1
images/1/124.jpg,1
images/1/125.jpg,1
images/1/126.jpg,1
images/1/127.jpg,1
images/1/128.jpg,1
images/1/129.jpg,1
images/1/13.jpg,1
images/1/130.jpg,1
images/1/131.jpg,1
images/1/132.jpg,1
images/1/133.jpg,1
images/1/134.jpg,1
images/1/135.jpg,1
images/1/136.jpg,1
images/1/137.jpg,1
images/1/138.jpg,1
images/1/139.jpg,1
images/1/14.jpg,1
images/1/140.jpg,1
images/1/141.jpg,1
images/1/142.jpg,1
images/1/143.jpg,1
images/1/144.jpg,1
images/1/145.jpg,1
images/1/146.jpg,1
images/1/147.jpg,1
images/1/148.jpg,1
images/1/149.jpg,1
images/1/15.jpg,1
images/1/150.jpg,1
images/1/151.jpg,1
images/1/152.jpg,1
images/1/153.jpg,1
images/1/154.jpg,1
images/1/155.jpg,1
images/1/156.jpg,1
images/1/157.jpg,1
images/1/158.jpg,1
images/1/159.jpg,1
images/1/16.jpg,1
images/1/160.jpg,1
images/1/161.jpg,1
images/1/162.jpg,1
images/1/163.jpg,1
images/1/164.jpg,1
images/1/165.jpg,1
images/1/166.jpg,1
images/1/167.jpg,1
images/1/168.jpg,1
images/1/169.jpg,1
images/1/17.jpg,1
images/1/170.jpg,1
images/1/171.jpg,1
images/1/18.jpg,1
images/1/19.jpg,1
images/1/2.jpg,1
images/1/20.jpg,1
images/1/21.jpg,1
images/1/22.jpg,1
images/1/23.jpg,1
images/1/24.jpg,1
images/1/25.jpg,1
images/1/26.jpg,1
images/1/27.jpg,1
images/1/28.jpg,1
images/1/29.jpg,1
images/1/3.jpg,1
images/1/30.jpg,1
images/1/31.jpg,1
images/1/32.jpg,1
images/1/33.jpg,1
images/1/34.jpg,1
images/1/35.jpg,1
images/1/36.jpg,1
images/1/37.jpg,1
images/1/38.jpg,1
images/1/39.jpg,1
images/1/4.jpg,1
images/1/40.jpg,1
images/1/41.jpg,1
images/1/42.jpg,1
images/1/43.jpg,1
images/1/44.jpg,1
images/1/45.jpg,1
images/1/46.jpg,1
images/1/47.jpg,1
images/1/48.jpg,1
images/1/49.jpg,1
images/1/5.jpg,1
images/1/50.jpg,1
images/1/51.jpg,1
images/1/52.jpg,1
images/1/53.jpg,1
images/1/54.jpg,1
images/1/55.jpg,1
images/1/56.jpg,1
images/1/57.jpg,1
images/1/58.jpg,1
images/1/59.jpg,1
images/1/6.jpg,1
images/1/60.jpg,1
images/1/61.jpg,1
images/1/62.jpg,1
images/1/63.jpg,1
images/1/64.jpg,1
images/1/65.jpg,1
images/1/66.jpg,1
images/1/67.jpg,1
images/1/68.jpg,1
images/1/69.jpg,1
images/1/7.jpg,1
images/1/70.jpg,1
images/1/71.jpg,1
images/1/72.jpg,1
images/1/73.jpg,1
images/1/74.jpg,1
images/1/75.jpg,1
images/1/76.jpg,1
images/1/77.jpg,1
images/1/78.jpg,1
images/1/79.jpg,1
images/1/8.jpg,1
images/1/80.jpg,1
images/1/81.jpg,1
images/1/82.jpg,1
images/1/83.jpg,1
images/1/84.jpg,1
images/1/85.jpg,1
images/1/86.jpg,1
images/1/87.jpg,1
images/1/88.jpg,1
images/1/89.jpg,1
images/1/9.jpg,1
images/1/90.jpg,1
images/1/91.jpg,1
images/1/92.jpg,1
images/1/93.jpg,1
images/1/94.jpg,1
images/1/95.jpg,1
images/1/96.jpg,1
images/1/97.jpg,1
images/1/98.jpg,1
images/1/99.jpg,1
images/2/1.jpg,2
images/2/10.jpg,2
images/2/100.jpg,2
images/2/101.jpg,2
images/2/102.jpg,2
images/2/103.jpg,2
images/2/104.jpg,2
images/2/105.jpg,2
images/2/106.jpg,2
images/2/107.jpg,2
images/2/108.jpg,2
images/2/109.jpg,2
images/2/11.jpg,2
images/2/110.jpg,2
images/2/111.jpg,2
images/2/112.jpg,2
images/2/113.jpg,2
images/2/114.jpg,2
images/2/115.jpg,2
images/2/116.jpg,2
images/2/117.jpg,2
images/2/118.jpg,2
images/2/119.jpg,2
images/2/12.jpg,2
images/2/120.jpg,2
images/2/121.jpg,2
images/2/122.jpg,2
images/2/123.jpg,2
images/2/124.jpg,2
images/2/125.jpg,2
images/2/126.jpg,2
images/2/127.jpg,2
images/2/128.jpg,2
images/2/129.jpg,2
images/2/13.jpg,2
images/2/130.jpg,2
images/2/131.jpg,2
images/2/132.jpg,2
images/2/133.jpg,2
images/2/134.jpg,2
images/2/135.jpg,2
images/2/136.jpg,2
images/2/137.jpg,2
images/2/138.jpg,2
images/2/139.jpg,2
images/2/14.jpg,2
images/2/140.jpg,2
images/2/141.jpg,2
images/2/142.jpg,2
images/2/143.jpg,2
images/2/144.jpg,2
images/2/145.jpg,2
images/2/146.jpg,2
images/2/147.jpg,2
images/2/148.jpg,2
images/2/149.jpg,2
images/2/15.jpg,2
images/2/150.jpg,2
images/2/151.jpg,2
images/2/152.jpg,2
images/2/153.jpg,2
images/2/154.jpg,2
images/2/155.jpg,2
images/2/156.jpg,2
images/2/157.jpg,2
images/2/158.jpg,2
images/2/159.jpg,2
images/2/16.jpg,2
images/2/160.jpg,2
images/2/161.jpg,2
images/2/162.jpg,2
images/2/163.jpg,2
images/2/164.jpg,2
images/2/165.jpg,2
images/2/166.jpg,2
images/2/167.jpg,2
images/2/168.jpg,2
images/2/169.jpg,2
images/2/17.jpg,2
images/2/170.jpg,2
images/2/171.jpg,2
images/2/172.jpg,2
images/2/173.jpg,2
images/2/174.jpg,2
images/2/175.jpg,2
images/2/176.jpg,2
images/2/18.jpg,2
images/2/19.jpg,2
images/2/2.jpg,2
images/2/20.jpg,2
images/2/21.jpg,2
images/2/22.jpg,2
images/2/23.jpg,2
images/2/24.jpg,2
images/2/25.jpg,2
images/2/26.jpg,2
images/2/27.jpg,2
images/2/28.jpg,2
images/2/29.jpg,2
images/2/3.jpg,2
images/2/30.jpg,2
images/2/31.jpg,2
images/2/32.jpg,2
images/2/33.jpg,2
images/2/34.jpg,2
images/2/35.jpg,2
images/2/36.jpg,2
images/2/37.jpg,2
images/2/38.jpg,2
images/2/39.jpg,2
images/2/4.jpg,2
images/2/40.jpg,2
images/2/41.jpg,2
images/2/42.jpg,2
images/2/43.jpg,2
images/2/44.jpg,2
images/2/45.jpg,2
images/2/46.jpg,2
images/2/47.jpg,2
images/2/48.jpg,2
images/2/49.jpg,2
images/2/5.jpg,2
images/2/50.jpg,2
images/2/51.jpg,2
images/2/52.jpg,2
images/2/53.jpg,2
images/2/54.jpg,2
images/2/55.jpg,2
images/2/56.jpg,2
images/2/57.jpg,2
images/2/58.jpg,2
images/2/59.jpg,2
images/2/6.jpg,2
images/2/60.jpg,2
images/2/61.jpg,2
images/2/62.jpg,2
images/2/63.jpg,2
images/2/64.jpg,2
images/2/65.jpg,2
images/2/66.jpg,2
images/2/67.jpg,2
images/2/68.jpg,2
images/2/69.jpg,2
images/2/7.jpg,2
images/2/70.jpg,2
images/2/71.jpg,2
images/2/72.jpg,2
images/2/73.jpg,2
images/2/74.jpg,2
images/2/75.jpg,2
images/2/76.jpg,2
images/2/77.jpg,2
images/2/78.jpg,2
images/2/79.jpg,2
images/2/8.jpg,2
images/2/80.jpg,2
images/2/81.jpg,2
images/2/82.jpg,2
images/2/83.jpg,2
images/2/84.jpg,2
images/2/85.jpg,2
images/2/86.jpg,2
images/2/87.jpg,2
images/2/88.jpg,2
images/2/89.jpg,2
images/2/9.jpg,2
images/2/90.jpg,2
images/2/91.jpg,2
images/2/92.jpg,2
images/2/93.jpg,2
images/2/94.jpg,2
images/2/95.jpg,2
images/2/96.jpg,2
images/2/97.jpg,2
images/2/98.jpg,2
images/2/99.jpg,2
images/3/1.jpg,3
images/3/10.jpg,3
images/3/100.jpg,3
images/3/101.jpg,3
images/3/102.jpg,3
images/3/103.jpg,3
images/3/104.jpg,3
images/3/105.jpg,3
images/3/106.jpg,3
images/3/107.jpg,3
images/3/108.jpg,3
images/3/109.jpg,3
images/3/11.jpg,3
images/3/110.jpg,3
images/3/111.jpg,3
images/3/112.jpg,3
images/3/113.jpg,3
images/3/114.jpg,3
images/3/115.jpg,3
images/3/116.jpg,3
images/3/117.jpg,3
images/3/118.jpg,3
images/3/119.jpg,3
images/3/12.jpg,3
images/3/120.jpg,3
images/3/121.jpg,3
images/3/122.jpg,3
images/3/123.jpg,3
images/3/124.jpg,3
images/3/125.jpg,3
images/3/126.jpg,3
images/3/127.jpg,3
images/3/128.jpg,3
images/3/129.jpg,3
images/3/13.jpg,3
images/3/130.jpg,3
images/3/131.jpg,3
images/3/132.jpg,3
images/3/133.jpg,3
images/3/134.jpg,3
images/3/135.jpg,3
images/3/136.jpg,3
images/3/137.jpg,3
images/3/138.jpg,3
images/3/139.jpg,3
images/3/14.jpg,3
images/3/140.jpg,3
images/3/141.jpg,3
images/3/142.jpg,3
images/3/143.jpg,3
images/3/144.jpg,3
images/3/145.jpg,3
images/3/146.jpg,3
images/3/147.jpg,3
images/3/148.jpg,3
images/3/149.jpg,3
images/3/15.jpg,3
images/3/150.jpg,3
images/3/151.jpg,3
images/3/152.jpg,3
images/3/153.jpg,3
images/3/154.jpg,3
images/3/155.jpg,3
images/3/156.jpg,3
images/3/157.jpg,3
images/3/158.jpg,3
images/3/159.jpg,3
images/3/16.jpg,3
images/3/160.jpg,3
images/3/161.jpg,3
images/3/162.jpg,3
images/3/163.jpg,3
images/3/164.jpg,3
images/3/165.jpg,3
images/3/166.jpg,3
images/3/167.jpg,3
images/3/168.jpg,3
images/3/169.jpg,3
images/3/17.jpg,3
images/3/170.jpg,3
images/3/171.jpg,3
images/3/172.jpg,3
images/3/173.jpg,3
images/3/174.jpg,3
images/3/175.jpg,3
images/3/176.jpg,3
images/3/177.jpg,3
images/3/178.jpg,3
images/3/179.jpg,3
images/3/18.jpg,3
images/3/180.jpg,3
images/3/181.jpg,3
images/3/182.jpg,3
images/3/183.jpg,3
images/3/184.jpg,3
images/3/185.jpg,3
images/3/186.jpg,3
images/3/19.jpg,3
images/3/2.jpg,3
images/3/20.jpg,3
images/3/21.jpg,3
images/3/22.jpg,3
images/3/23.jpg,3
images/3/24.jpg,3
images/3/25.jpg,3
images/3/26.jpg,3
images/3/27.jpg,3
images/3/28.jpg,3
images/3/29.jpg,3
images/3/3.jpg,3
images/3/30.jpg,3
images/3/31.jpg,3
images/3/32.jpg,3
images/3/33.jpg,3
images/3/34.jpg,3
images/3/35.jpg,3
images/3/36.jpg,3
images/3/37.jpg,3
images/3/38.jpg,3
images/3/39.jpg,3
images/3/4.jpg,3
images/3/40.jpg,3
images/3/41.jpg,3
images/3/42.jpg,3
images/3/43.jpg,3
images/3/44.jpg,3
images/3/45.jpg,3
images/3/46.jpg,3
images/3/47.jpg,3
images/3/48.jpg,3
images/3/49.jpg,3
images/3/5.jpg,3
images/3/50.jpg,3
images/3/51.jpg,3
images/3/52.jpg,3
images/3/53.jpg,3
images/3/54.jpg,3
images/3/55.jpg,3
images/3/56.jpg,3
images/3/57.jpg,3
images/3/58.jpg,3
images/3/59.jpg,3
images/3/6.jpg,3
images/3/60.jpg,3
images/3/61.jpg,3
images/3/62.jpg,3
images/3/63.jpg,3
images/3/64.jpg,3
images/3/65.jpg,3
images/3/66.jpg,3
images/3/67.jpg,3
images/3/68.jpg,3
images/3/69.jpg,3
images/3/7.jpg,3
images/3/70.jpg,3
images/3/71.jpg,3
images/3/72.jpg,3
images/3/73.jpg,3
images/3/74.jpg,3
images/3/75.jpg,3
images/3/76.jpg,3
images/3/77.jpg,3
images/3/78.jpg,3
images/3/79.jpg,3
images/3/8.jpg,3
images/3/80.jpg,3
images/3/81.jpg,3
images/3/82.jpg,3
images/3/83.jpg,3
images/3/84.jpg,3
images/3/85.jpg,3
images/3/86.jpg,3
images/3/87.jpg,3
images/3/88.jpg,3
images/3/89.jpg,3
images/3/9.jpg,3
images/3/90.jpg,3
images/3/91.jpg,3
images/3/92.jpg,3
images/3/93.jpg,3
images/3/94.jpg,3
images/3/95.jpg,3
images/3/96.jpg,3
images/3/97.jpg,3
images/3/98.jpg,3
images/3/99.jpg,3
images/4/1.jpg,4
images/4/10.jpg,4
images/4/100.jpg,4
images/4/101.jpg,4
images/4/102.jpg,4
images/4/103.jpg,4
images/4/104.jpg,4
images/4/105.jpg,4
images/4/106.jpg,4
images/4/107.jpg,4
images/4/108.jpg,4
images/4/109.jpg,4
images/4/11.jpg,4
images/4/110.jpg,4
images/4/111.jpg,4
images/4/112.jpg,4
images/4/113.jpg,4
images/4/114.jpg,4
images/4/115.jpg,4
images/4/116.jpg,4
images/4/117.jpg,4
images/4/118.jpg,4
images/4/119.jpg,4
images/4/12.jpg,4
images/4/120.jpg,4
images/4/121.jpg,4
images/4/122.jpg,4
images/4/123.jpg,4
images/4/124.jpg,4
images/4/125.jpg,4
images/4/126.jpg,4
images/4/127.jpg,4
images/4/128.jpg,4
images/4/129.jpg,4
images/4/13.jpg,4
images/4/130.jpg,4
images/4/131.jpg,4
images/4/132.jpg,4
images/4/133.jpg,4
images/4/134.jpg,4
images/4/135.jpg,4
images/4/136.jpg,4
images/4/137.jpg,4
images/4/138.jpg,4
images/4/139.jpg,4
images/4/14.jpg,4
images/4/140.jpg,4
images/4/141.jpg,4
images/4/142.jpg,4
images/4/143.jpg,4
images/4/144.jpg,4
images/4/145.jpg,4
images/4/146.jpg,4
images/4/147.jpg,4
images/4/148.jpg,4
images/4/149.jpg,4
images/4/15.jpg,4
images/4/150.jpg,4
images/4/151.jpg,4
images/4/152.jpg,4
images/4/153.jpg,4
images/4/154.jpg,4
images/4/155.jpg,4
images/4/156.jpg,4
images/4/157.jpg,4
images/4/158.jpg,4
images/4/159.jpg,4
images/4/16.jpg,4
images/4/160.jpg,4
images/4/161.jpg,4
images/4/162.jpg,4
images/4/163.jpg,4
images/4/164.jpg,4
images/4/165.jpg,4
images/4/166.jpg,4
images/4/167.jpg,4
images/4/168.jpg,4
images/4/169.jpg,4
images/4/17.jpg,4
images/4/170.jpg,4
images/4/171.jpg,4
images/4/172.jpg,4
images/4/173.jpg,4
images/4/174.jpg,4
images/4/175.jpg,4
images/4/176.jpg,4
images/4/177.jpg,4
images/4/178.jpg,4
images/4/179.jpg,4
images/4/18.jpg,4
images/4/180.jpg,4
images/4/181.jpg,4
images/4/182.jpg,4
images/4/183.jpg,4
images/4/184.jpg,4
images/4/185.jpg,4
images/4/186.jpg,4
images/4/187.jpg,4
images/4/188.jpg,4
images/4/189.jpg,4
images/4/19.jpg,4
images/4/190.jpg,4
images/4/191.jpg,4
images/4/192.jpg,4
images/4/193.jpg,4
images/4/194.jpg,4
images/4/195.jpg,4
images/4/196.jpg,4
images/4/197.jpg,4
images/4/198.jpg,4
images/4/199.jpg,4
images/4/2.jpg,4
images/4/20.jpg,4
images/4/200.jpg,4
images/4/201.jpg,4
images/4/202.jpg,4
images/4/203.jpg,4
images/4/204.jpg,4
images/4/205.jpg,4
images/4/206.jpg,4
images/4/21.jpg,4
images/4/22.jpg,4
images/4/23.jpg,4
images/4/24.jpg,4
images/4/25.jpg,4
images/4/26.jpg,4
images/4/27.jpg,4
images/4/28.jpg,4
images/4/29.jpg,4
images/4/3.jpg,4
images/4/30.jpg,4
images/4/31.jpg,4
images/4/32.jpg,4
images/4/33.jpg,4
images/4/34.jpg,4
images/4/35.jpg,4
images/4/36.jpg,4
images/4/37.jpg,4
images/4/38.jpg,4
images/4/39.jpg,4
images/4/4.jpg,4
images/4/40.jpg,4
images/4/41.jpg,4
images/4/42.jpg,4
images/4/43.jpg,4
images/4/44.jpg,4
images/4/45.jpg,4
images/4/46.jpg,4
images/4/47.jpg,4
images/4/48.jpg,4
images/4/49.jpg,4
images/4/5.jpg,4
images/4/50.jpg,4
images/4/51.jpg,4
images/4/52.jpg,4
images/4/53.jpg,4
images/4/54.jpg,4
images/4/55.jpg,4
images/4/56.jpg,4
images/4/57.jpg,4
images/4/58.jpg,4
images/4/59.jpg,4
images/4/6.jpg,4
images/4/60.jpg,4
images/4/61.jpg,4
images/4/62.jpg,4
images/4/63.jpg,4
images/4/64.jpg,4
images/4/65.jpg,4
images/4/66.jpg,4
images/4/67.jpg,4
images/4/68.jpg,4
images/4/69.jpg,4
images/4/7.jpg,4
images/4/70.jpg,4
images/4/71.jpg,4
images/4/72.jpg,4
images/4/73.jpg,4
images/4/74.jpg,4
images/4/75.jpg,4
images/4/76.jpg,4
images/4/77.jpg,4
images/4/78.jpg,4
images/4/79.jpg,4
images/4/8.jpg,4
images/4/80.jpg,4
images/4/81.jpg,4
images/4/82.jpg,4
images/4/83.jpg,4
images/4/84.jpg,4
images/4/85.jpg,4
images/4/86.jpg,4
images/4/87.jpg,4
images/4/88.jpg,4
images/4/89.jpg,4
images/4/9.jpg,4
images/4/90.jpg,4
images/4/91.jpg,4
images/4/92.jpg,4
images/4/93.jpg,4
images/4/94.jpg,4
images/4/95.jpg,4
images/4/96.jpg,4
images/4/97.jpg,4
images/4/98.jpg,4
images/4/99.jpg,4
images/5/1.jpg,5
images/5/10.jpg,5
images/5/100.jpg,5
images/5/101.jpg,5
images/5/102.jpg,5
images/5/103.jpg,5
images/5/104.jpg,5
images/5/105.jpg,5
images/5/106.jpg,5
images/5/107.jpg,5
images/5/108.jpg,5
images/5/109.jpg,5
images/5/11.jpg,5
images/5/110.jpg,5
images/5/111.jpg,5
images/5/112.jpg,5
images/5/113.jpg,5
images/5/114.jpg,5
images/5/115.jpg,5
images/5/116.jpg,5
images/5/117.jpg,5
images/5/118.jpg,5
images/5/119.jpg,5
images/5/12.jpg,5
images/5/120.jpg,5
images/5/121.jpg,5
images/5/122.jpg,5
images/5/123.jpg,5
images/5/124.jpg,5
images/5/125.jpg,5
images/5/126.jpg,5
images/5/127.jpg,5
images/5/128.jpg,5
images/5/129.jpg,5
images/5/13.jpg,5
images/5/130.jpg,5
images/5/131.jpg,5
images/5/132.jpg,5
images/5/133.jpg,5
images/5/134.jpg,5
images/5/135.jpg,5
images/5/136.jpg,5
images/5/137.jpg,5
images/5/138.jpg,5
images/5/139.jpg,5
images/5/14.jpg,5
images/5/140.jpg,5
images/5/141.jpg,5
images/5/142.jpg,5
images/5/143.jpg,5
images/5/144.jpg,5
images/5/145.jpg,5
images/5/146.jpg,5
images/5/147.jpg,5
images/5/148.jpg,5
images/5/149.jpg,5
images/5/15.jpg,5
images/5/150.jpg,5
images/5/151.jpg,5
images/5/152.jpg,5
images/5/153.jpg,5
images/5/154.jpg,5
images/5/155.jpg,5
images/5/156.jpg,5
images/5/157.jpg,5
images/5/158.jpg,5
images/5/159.jpg,5
images/5/16.jpg,5
images/5/160.jpg,5
images/5/161.jpg,5
images/5/162.jpg,5
images/5/163.jpg,5
images/5/164.jpg,5
images/5/165.jpg,5
images/5/166.jpg,5
images/5/167.jpg,5
images/5/168.jpg,5
images/5/169.jpg,5
images/5/17.jpg,5
images/5/170.jpg,5
images/5/171.jpg,5
images/5/172.jpg,5
images/5/173.jpg,5
images/5/174.jpg,5
images/5/175.jpg,5
images/5/176.jpg,5
images/5/177.jpg,5
images/5/178.jpg,5
images/5/179.jpg,5
images/5/18.jpg,5
images/5/180.jpg,5
images/5/181.jpg,5
images/5/182.jpg,5
images/5/183.jpg,5
images/5/184.jpg,5
images/5/185.jpg,5
images/5/186.jpg,5
images/5/187.jpg,5
images/5/188.jpg,5
images/5/189.jpg,5
images/5/19.jpg,5
images/5/190.jpg,5
images/5/191.jpg,5
images/5/192.jpg,5
images/5/193.jpg,5
images/5/194.jpg,5
images/5/2.jpg,5
images/5/20.jpg,5
images/5/21.jpg,5
images/5/22.jpg,5
images/5/23.jpg,5
images/5/24.jpg,5
images/5/25.jpg,5
images/5/26.jpg,5
images/5/27.jpg,5
images/5/28.jpg,5
images/5/29.jpg,5
images/5/3.jpg,5
images/5/30.jpg,5
images/5/31.jpg,5
images/5/32.jpg,5
images/5/33.jpg,5
images/5/34.jpg,5
images/5/35.jpg,5
images/5/36.jpg,5
images/5/37.jpg,5
images/5/38.jpg,5
images/5/39.jpg,5
images/5/4.jpg,5
images/5/40.jpg,5
images/5/41.jpg,5
images/5/42.jpg,5
images/5/43.jpg,5
images/5/44.jpg,5
images/5/45.jpg,5
images/5/46.jpg,5
images/5/47.jpg,5
images/5/48.jpg,5
images/5/49.jpg,5
images/5/5.jpg,5
images/5/50.jpg,5
images/5/51.jpg,5
images/5/52.jpg,5
images/5/53.jpg,5
images/5/54.jpg,5
images/5/55.jpg,5
images/5/56.jpg,5
images/5/57.jpg,5
images/5/58.jpg,5
images/5/59.jpg,5
images/5/6.jpg,5
images/5/60.jpg,5
images/5/61.jpg,5
images/5/62.jpg,5
images/5/63.jpg,5
images/5/64.jpg,5
images/5/65.jpg,5
images/5/66.jpg,5
images/5/67.jpg,5
images/5/68.jpg,5
images/5/69.jpg,5
images/5/7.jpg,5
images/5/70.jpg,5
images/5/71.jpg,5
images/5/72.jpg,5
images/5/73.jpg,5
images/5/74.jpg,5
images/5/75.jpg,5
images/5/76.jpg,5
images/5/77.jpg,5
images/5/78.jpg,5
images/5/79.jpg,5
images/5/8.jpg,5
images/5/80.jpg,5
images/5/81.jpg,5
images/5/82.jpg,5
images/5/83.jpg,5
images/5/84.jpg,5
images/5/85.jpg,5
images/5/86.jpg,5
images/5/87.jpg,5
images/5/88.jpg,5
images/5/89.jpg,5
images/5/9.jpg,5
images/5/90.jpg,5
images/5/91.jpg,5
images/5/92.jpg,5
images/5/93.jpg,5
images/5/94.jpg,5
images/5/95.jpg,5
images/5/96.jpg,5
images/5/97.jpg,5
images/5/98.jpg,5
images/5/99.jpg,5
images/6/1.jpg,6
images/6/10.jpg,6
images/6/100.jpg,6
images/6/101.jpg,6
images/6/102.jpg,6
images/6/103.jpg,6
images/6/104.jpg,6
images/6/105.jpg,6
images/6/106.jpg,6
images/6/107.jpg,6
images/6/108.jpg,6
images/6/109.jpg,6
images/6/11.jpg,6
images/6/110.jpg,6
images/6/111.jpg,6
images/6/112.jpg,6
images/6/113.jpg,6
images/6/114.jpg,6
images/6/115.jpg,6
images/6/116.jpg,6
images/6/117.jpg,6
images/6/118.jpg,6
images/6/119.jpg,6
images/6/12.jpg,6
images/6/120.jpg,6
images/6/121.jpg,6
images/6/122.jpg,6
images/6/123.jpg,6
images/6/124.jpg,6
images/6/125.jpg,6
images/6/126.jpg,6
images/6/127.jpg,6
images/6/128.jpg,6
images/6/129.jpg,6
images/6/13.jpg,6
images/6/130.jpg,6
images/6/131.jpg,6
images/6/132.jpg,6
images/6/133.jpg,6
images/6/134.jpg,6
images/6/135.jpg,6
images/6/136.jpg,6
images/6/137.jpg,6
images/6/138.jpg,6
images/6/139.jpg,6
images/6/14.jpg,6
images/6/140.jpg,6
images/6/141.jpg,6
images/6/142.jpg,6
images/6/143.jpg,6
images/6/144.jpg,6
images/6/145.jpg,6
images/6/146.jpg,6
images/6/147.jpg,6
images/6/148.jpg,6
images/6/149.jpg,6
images/6/15.jpg,6
images/6/150.jpg,6
images/6/151.jpg,6
images/6/152.jpg,6
images/6/153.jpg,6
images/6/154.jpg,6
images/6/155.jpg,6
images/6/156.jpg,6
images/6/157.jpg,6
images/6/158.jpg,6
images/6/159.jpg,6
images/6/16.jpg,6
images/6/17.jpg,6
images/6/18.jpg,6
images/6/19.jpg,6
images/6/2.jpg,6
images/6/20.jpg,6
images/6/21.jpg,6
images/6/22.jpg,6
images/6/23.jpg,6
images/6/24.jpg,6
images/6/25.jpg,6
images/6/26.jpg,6
images/6/27.jpg,6
images/6/28.jpg,6
images/6/29.jpg,6
images/6/3.jpg,6
images/6/30.jpg,6
images/6/31.jpg,6
images/6/32.jpg,6
images/6/33.jpg,6
images/6/34.jpg,6
images/6/35.jpg,6
images/6/36.jpg,6
images/6/37.jpg,6
images/6/38.jpg,6
images/6/39.jpg,6
images/6/4.jpg,6
images/6/40.jpg,6
images/6/41.jpg,6
images/6/42.jpg,6
images/6/43.jpg,6
images/6/44.jpg,6
images/6/45.jpg,6
images/6/46.jpg,6
images/6/47.jpg,6
images/6/48.jpg,6
images/6/49.jpg,6
images/6/5.jpg,6
images/6/50.jpg,6
images/6/51.jpg,6
images/6/52.jpg,6
images/6/53.jpg,6
images/6/54.jpg,6
images/6/55.jpg,6
images/6/56.jpg,6
images/6/57.jpg,6
images/6/58.jpg,6
images/6/59.jpg,6
images/6/6.jpg,6
images/6/60.jpg,6
images/6/61.jpg,6
images/6/62.jpg,6
images/6/63.jpg,6
images/6/64.jpg,6
images/6/65.jpg,6
images/6/66.jpg,6
images/6/67.jpg,6
images/6/68.jpg,6
images/6/69.jpg,6
images/6/7.jpg,6
images/6/70.jpg,6
images/6/71.jpg,6
images/6/72.jpg,6
images/6/73.jpg,6
images/6/74.jpg,6
images/6/75.jpg,6
images/6/76.jpg,6
images/6/77.jpg,6
images/6/78.jpg,6
images/6/79.jpg,6
images/6/8.jpg,6
images/6/80.jpg,6
images/6/81.jpg,6
images/6/82.jpg,6
images/6/83.jpg,6
images/6/84.jpg,6
images/6/85.jpg,6
images/6/86.jpg,6
images/6/87.jpg,6
images/6/88.jpg,6
images/6/89.jpg,6
images/6/9.jpg,6
images/6/90.jpg,6
images/6/91.jpg,6
images/6/92.jpg,6
images/6/93.jpg,6
images/6/94.jpg,6
images/6/95.jpg,6
images/6/96.jpg,6
images/6/97.jpg,6
images/6/98.jpg,6
images/6/99.jpg,6
images/7/1.jpg,7
images/7/10.jpg,7
images/7/100.jpg,7
images/7/101.jpg,7
images/7/102.jpg,7
images/7/103.jpg,7
images/7/104.jpg,7
images/7/105.jpg,7
images/7/106.jpg,7
images/7/107.jpg,7
images/7/108.jpg,7
images/7/109.jpg,7
images/7/11.jpg,7
images/7/110.jpg,7
images/7/111.jpg,7
images/7/112.jpg,7
images/7/113.jpg,7
images/7/114.jpg,7
images/7/115.jpg,7
images/7/116.jpg,7
images/7/117.jpg,7
images/7/118.jpg,7
images/7/119.jpg,7
images/7/12.jpg,7
images/7/120.jpg,7
images/7/121.jpg,7
images/7/122.jpg,7
images/7/123.jpg,7
images/7/124.jpg,7
images/7/125.jpg,7
images/7/126.jpg,7
images/7/127.jpg,7
images/7/128.jpg,7
images/7/129.jpg,7
images/7/13.jpg,7
images/7/130.jpg,7
images/7/131.jpg,7
images/7/132.jpg,7
images/7/133.jpg,7
images/7/134.jpg,7
images/7/135.jpg,7
images/7/136.jpg,7
images/7/137.jpg,7
images/7/138.jpg,7
images/7/139.jpg,7
images/7/14.jpg,7
images/7/140.jpg,7
images/7/141.jpg,7
images/7/142.jpg,7
images/7/143.jpg,7
images/7/144.jpg,7
images/7/145.jpg,7
images/7/146.jpg,7
images/7/147.jpg,7
images/7/15.jpg,7
images/7/16.jpg,7
images/7/17.jpg,7
images/7/18.jpg,7
images/7/19.jpg,7
images/7/2.jpg,7
images/7/20.jpg,7
images/7/21.jpg,7
images/7/22.jpg,7
images/7/23.jpg,7
images/7/24.jpg,7
images/7/25.jpg,7
images/7/26.jpg,7
images/7/27.jpg,7
images/7/28.jpg,7
images/7/29.jpg,7
images/7/3.jpg,7
images/7/30.jpg,7
images/7/31.jpg,7
images/7/32.jpg,7
images/7/33.jpg,7
images/7/34.jpg,7
images/7/35.jpg,7
images/7/36.jpg,7
images/7/37.jpg,7
images/7/38.jpg,7
images/7/39.jpg,7
images/7/4.jpg,7
images/7/40.jpg,7
images/7/41.jpg,7
images/7/42.jpg,7
images/7/43.jpg,7
images/7/44.jpg,7
images/7/45.jpg,7
images/7/46.jpg,7
images/7/47.jpg,7
images/7/48.jpg,7
images/7/49.jpg,7
images/7/5.jpg,7
images/7/50.jpg,7
images/7/51.jpg,7
images/7/52.jpg,7
images/7/53.jpg,7
images/7/54.jpg,7
images/7/55.jpg,7
images/7/56.jpg,7
images/7/57.jpg,7
images/7/58.jpg,7
images/7/59.jpg,7
images/7/6.jpg,7
images/7/60.jpg,7
images/7/61.jpg,7
images/7/62.jpg,7
images/7/63.jpg,7
images/7/64.jpg,7
images/7/65.jpg,7
images/7/66.jpg,7
images/7/67.jpg,7
images/7/68.jpg,7
images/7/69.jpg,7
images/7/7.jpg,7
images/7/70.jpg,7
images/7/71.jpg,7
images/7/72.jpg,7
images/7/73.jpg,7
images/7/74.jpg,7
images/7/75.jpg,7
images/7/76.jpg,7
images/7/77.jpg,7
images/7/78.jpg,7
images/7/79.jpg,7
images/7/8.jpg,7
images/7/80.jpg,7
images/7/81.jpg,7
images/7/82.jpg,7
images/7/83.jpg,7
images/7/84.jpg,7
images/7/85.jpg,7
images/7/86.jpg,7
images/7/87.jpg,7
images/7/88.jpg,7
images/7/89.jpg,7
images/7/9.jpg,7
images/7/90.jpg,7
images/7/91.jpg,7
images/7/92.jpg,7
images/7/93.jpg,7
images/7/94.jpg,7
images/7/95.jpg,7
images/7/96.jpg,7
images/7/97.jpg,7
images/7/98.jpg,7
images/7/99.jpg,7
images/8/1.jpg,8
images/8/10.jpg,8
images/8/100.jpg,8
images/8/101.jpg,8
images/8/102.jpg,8
images/8/103.jpg,8
images/8/104.jpg,8
images/8/105.jpg,8
images/8/106.jpg,8
images/8/107.jpg,8
images/8/108.jpg,8
images/8/109.jpg,8
images/8/11.jpg,8
images/8/110.jpg,8
images/8/111.jpg,8
images/8/112.jpg,8
images/8/113.jpg,8
images/8/114.jpg,8
images/8/115.jpg,8
images/8/116.jpg,8
images/8/117.jpg,8
images/8/118.jpg,8
images/8/119.jpg,8
images/8/12.jpg,8
images/8/120.jpg,8
images/8/121.jpg,8
images/8/122.jpg,8
images/8/123.jpg,8
images/8/124.jpg,8
images/8/125.jpg,8
images/8/126.jpg,8
images/8/127.jpg,8
images/8/128.jpg,8
images/8/129.jpg,8
images/8/13.jpg,8
images/8/130.jpg,8
images/8/131.jpg,8
images/8/132.jpg,8
images/8/133.jpg,8
images/8/134.jpg,8
images/8/135.jpg,8
images/8/14.jpg,8
images/8/15.jpg,8
images/8/16.jpg,8
images/8/17.jpg,8
images/8/18.jpg,8
images/8/19.jpg,8
images/8/2.jpg,8
images/8/20.jpg,8
images/8/21.jpg,8
images/8/22.jpg,8
images/8/23.jpg,8
images/8/24.jpg,8
images/8/25.jpg,8
images/8/26.jpg,8
images/8/27.jpg,8
images/8/28.jpg,8
images/8/29.jpg,8
images/8/3.jpg,8
images/8/30.jpg,8
images/8/31.jpg,8
images/8/32.jpg,8
images/8/33.jpg,8
images/8/34.jpg,8
images/8/35.jpg,8
images/8/36.jpg,8
images/8/37.jpg,8
images/8/38.jpg,8
images/8/39.jpg,8
images/8/4.jpg,8
images/8/40.jpg,8
images/8/41.jpg,8
images/8/42.jpg,8
images/8/43.jpg,8
images/8/44.jpg,8
images/8/45.jpg,8
images/8/46.jpg,8
images/8/47.jpg,8
images/8/48.jpg,8
images/8/49.jpg,8
images/8/5.jpg,8
images/8/50.jpg,8
images/8/51.jpg,8
images/8/52.jpg,8
images/8/53.jpg,8
images/8/54.jpg,8
images/8/55.jpg,8
images/8/56.jpg,8
images/8/57.jpg,8
images/8/58.jpg,8
images/8/59.jpg,8
images/8/6.jpg,8
images/8/60.jpg,8
images/8/61.jpg,8
images/8/62.jpg,8
images/8/63.jpg,8
images/8/64.jpg,8
images/8/65.jpg,8
images/8/66.jpg,8
images/8/67.jpg,8
images/8/68.jpg,8
images/8/69.jpg,8
images/8/7.jpg,8
images/8/70.jpg,8
images/8/71.jpg,8
images/8/72.jpg,8
images/8/73.jpg,8
images/8/74.jpg,8
images/8/75.jpg,8
images/8/76.jpg,8
images/8/77.jpg,8
images/8/78.jpg,8
images/8/79.jpg,8
images/8/8.jpg,8
images/8/80.jpg,8
images/8/81.jpg,8
images/8/82.jpg,8
images/8/83.jpg,8
images/8/84.jpg,8
images/8/85.jpg,8
images/8/86.jpg,8
images/8/87.jpg,8
images/8/88.jpg,8
images/8/89.jpg,8
images/8/9.jpg,8
images/8/90.jpg,8
images/8/91.jpg,8
images/8/92.jpg,8
images/8/93.jpg,8
images/8/94.jpg,8
images/8/95.jpg,8
images/8/96.jpg,8
images/8/97.jpg,8
images/8/98.jpg,8
images/8/99.jpg,8
images/9/1.jpg,9
images/9/10.jpg,9
images/9/100.jpg,9
images/9/101.jpg,9
images/9/102.jpg,9
images/9/103.jpg,9
images/9/104.jpg,9
images/9/105.jpg,9
images/9/106.jpg,9
images/9/107.jpg,9
images/9/108.jpg,9
images/9/109.jpg,9
images/9/11.jpg,9
images/9/110.jpg,9
images/9/111.jpg,9
images/9/112.jpg,9
images/9/113.jpg,9
images/9/114.jpg,9
images/9/115.jpg,9
images/9/116.jpg,9
images/9/117.jpg,9
images/9/118.jpg,9
images/9/119.jpg,9
images/9/12.jpg,9
images/9/120.jpg,9
images/9/121.jpg,9
images/9/122.jpg,9
images/9/123.jpg,9
images/9/13.jpg,9
images/9/14.jpg,9
images/9/15.jpg,9
images/9/16.jpg,9
images/9/17.jpg,9
images/9/18.jpg,9
images/9/19.jpg,9
images/9/2.jpg,9
images/9/20.jpg,9
images/9/21.jpg,9
images/9/22.jpg,9
images/9/23.jpg,9
images/9/24.jpg,9
images/9/25.jpg,9
images/9/26.jpg,9
images/9/27.jpg,9
images/9/28.jpg,9
images/9/29.jpg,9
images/9/3.jpg,9
images/9/30.jpg,9
images/9/31.jpg,9
images/9/32.jpg,9
images/9/33.jpg,9
images/9/34.jpg,9
images/9/35.jpg,9
images/9/36.jpg,9
images/9/37.jpg,9
images/9/38.jpg,9
images/9/39.jpg,9
images/9/4.jpg,9
images/9/40.jpg,9
images/9/41.jpg,9
images/9/42.jpg,9
images/9/43.jpg,9
images/9/44.jpg,9
images/9/45.jpg,9
images/9/46.jpg,9
images/9/47.jpg,9
images/9/48.jpg,9
images/9/49.jpg,9
images/9/5.jpg,9
images/9/50.jpg,9
images/9/51.jpg,9
images/9/52.jpg,9
images/9/53.jpg,9
images/9/54.jpg,9
images/9/55.jpg,9
images/9/56.jpg,9
images/9/57.jpg,9
images/9/58.jpg,9
images/9/59.jpg,9
images/9/6.jpg,9
images/9/60.jpg,9
images/9/61.jpg,9
images/9/62.jpg,9
images/9/63.jpg,9
images/9/64.jpg,9
images/9/65.jpg,9
images/9/66.jpg,9
images/9/67.jpg,9
images/9/68.jpg,9
images/9/69.jpg,9
images/9/7.jpg,9
images/9/70.jpg,9
images/9/71.jpg,9
images/9/72.jpg,9
images/9/73.jpg,9
images/9/74.jpg,9
images/9/75.jpg,9
images/9/76.jpg,9
images/9/77.jpg,9
images/9/78.jpg,9
images/9/79.jpg,9
images/9/8.jpg,9
images/9/80.jpg,9
images/9/81.jpg,9
images/9/82.jpg,9
images/9/83.jpg,9
images/9/84.jpg,9
images/9/85.jpg,9
images/9/86.jpg,9
images/9/87.jpg,9
images/9/88.jpg,9
images/9/89.jpg,9
images/9/9.jpg,9
images/9/90.jpg,9
images/9/91.jpg,9
images/9/92.jpg,9
images/9/93.jpg,9
images/9/94.jpg,9
images/9/95.jpg,9
images/9/96.jpg,9
images/9/97.jpg,9
images/9/98.jpg,9
images/9/99.jpg,9
images/ba/1.jpg,10
images/ba/10.jpg,10
images/ba/100.jpg,10
images/ba/101.jpg,10
images/ba/102.jpg,10
images/ba/103.jpg,10
images/ba/104.jpg,10
images/ba/105.jpg,10
images/ba/106.jpg,10
images/ba/107.jpg,10
images/ba/108.jpg,10
images/ba/109.jpg,10
images/ba/11.jpg,10
images/ba/110.jpg,10
images/ba/111.jpg,10
images/ba/112.jpg,10
images/ba/113.jpg,10
images/ba/114.jpg,10
images/ba/115.jpg,10
images/ba/116.jpg,10
images/ba/117.jpg,10
images/ba/118.jpg,10
images/ba/119.jpg,10
images/ba/12.jpg,10
images/ba/120.jpg,10
images/ba/121.jpg,10
images/ba/122.jpg,10
images/ba/123.jpg,10
images/ba/124.jpg,10
images/ba/125.jpg,10
images/ba/126.jpg,10
images/ba/127.jpg,10
images/ba/128.jpg,10
images/ba/129.jpg,10
images/ba/13.jpg,10
images/ba/130.jpg,10
images/ba/131.jpg,10
images/ba/132.jpg,10
images/ba/133.jpg,10
images/ba/134.jpg,10
images/ba/135.jpg,10
images/ba/136.jpg,10
images/ba/137.jpg,10
images/ba/138.jpg,10
images/ba/139.jpg,10
images/ba/14.jpg,10
images/ba/140.jpg,10
images/ba/141.jpg,10
images/ba/142.jpg,10
images/ba/143.jpg,10
images/ba/144.jpg,10
images/ba/145.jpg,10
images/ba/146.jpg,10
images/ba/147.jpg,10
images/ba/148.jpg,10
images/ba/149.jpg,10
images/ba/15.jpg,10
images/ba/150.jpg,10
images/ba/151.jpg,10
images/ba/152.jpg,10
images/ba/153.jpg,10
images/ba/154.jpg,10
images/ba/155.jpg,10
images/ba/156.jpg,10
images/ba/157.jpg,10
images/ba/158.jpg,10
images/ba/159.jpg,10
images/ba/16.jpg,10
images/ba/160.jpg,10
images/ba/161.jpg,10
images/ba/162.jpg,10
images/ba/163.jpg,10
images/ba/164.jpg,10
images/ba/165.jpg,10
images/ba/166.jpg,10
images/ba/167.jpg,10
images/ba/168.jpg,10
images/ba/169.jpg,10
images/ba/17.jpg,10
images/ba/170.jpg,10
images/ba/171.jpg,10
images/ba/172.jpg,10
images/ba/173.jpg,10
images/ba/174.jpg,10
images/ba/175.jpg,10
images/ba/176.jpg,10
images/ba/177.jpg,10
images/ba/178.jpg,10
images/ba/179.jpg,10
images/ba/18.jpg,10
images/ba/180.jpg,10
images/ba/181.jpg,10
images/ba/182.jpg,10
images/ba/183.jpg,10
images/ba/184.jpg,10
images/ba/185.jpg,10
images/ba/186.jpg,10
images/ba/187.jpg,10
images/ba/188.jpg,10
images/ba/189.jpg,10
images/ba/19.jpg,10
images/ba/190.jpg,10
images/ba/191.jpg,10
images/ba/192.jpg,10
images/ba/193.jpg,10
images/ba/194.jpg,10
images/ba/195.jpg,10
images/ba/196.jpg,10
images/ba/197.jpg,10
images/ba/198.jpg,10
images/ba/199.jpg,10
images/ba/2.jpg,10
images/ba/20.jpg,10
images/ba/200.jpg,10
images/ba/201.jpg,10
images/ba/202.jpg,10
images/ba/203.jpg,10
images/ba/204.jpg,10
images/ba/205.jpg,10
images/ba/206.jpg,10
images/ba/21.jpg,10
images/ba/22.jpg,10
images/ba/23.jpg,10
images/ba/24.jpg,10
images/ba/25.jpg,10
images/ba/26.jpg,10
images/ba/27.jpg,10
images/ba/28.jpg,10
images/ba/29.jpg,10
images/ba/3.jpg,10
images/ba/30.jpg,10
images/ba/31.jpg,10
images/ba/32.jpg,10
images/ba/33.jpg,10
images/ba/34.jpg,10
images/ba/35.jpg,10
images/ba/36.jpg,10
images/ba/37.jpg,10
images/ba/38.jpg,10
images/ba/39.jpg,10
images/ba/4.jpg,10
images/ba/40.jpg,10
images/ba/41.jpg,10
images/ba/42.jpg,10
images/ba/43.jpg,10
images/ba/44.jpg,10
images/ba/45.jpg,10
images/ba/46.jpg,10
images/ba/47.jpg,10
images/ba/48.jpg,10
images/ba/49.jpg,10
images/ba/5.jpg,10
images/ba/50.jpg,10
images/ba/51.jpg,10
images/ba/52.jpg,10
images/ba/53.jpg,10
images/ba/54.jpg,10
images/ba/55.jpg,10
images/ba/56.jpg,10
images/ba/57.jpg,10
images/ba/58.jpg,10
images/ba/59.jpg,10
images/ba/6.jpg,10
images/ba/60.jpg,10
images/ba/61.jpg,10
images/ba/62.jpg,10
images/ba/63.jpg,10
images/ba/64.jpg,10
images/ba/65.jpg,10
images/ba/66.jpg,10
images/ba/67.jpg,10
images/ba/68.jpg,10
images/ba/69.jpg,10
images/ba/7.jpg,10
images/ba/70.jpg,10
images/ba/71.jpg,10
images/ba/72.jpg,10
images/ba/73.jpg,10
images/ba/74.jpg,10
images/ba/75.jpg,10
images/ba/76.jpg,10
images/ba/77.jpg,10
images/ba/78.jpg,10
images/ba/79.jpg,10
images/ba/8.jpg,10
images/ba/80.jpg,10
images/ba/81.jpg,10
images/ba/82.jpg,10
images/ba/83.jpg,10
images/ba/84.jpg,10
images/ba/85.jpg,10
images/ba/86.jpg,10
images/ba/87.jpg,10
images/ba/88.jpg,10
images/ba/89.jpg,10
images/ba/9.jpg,10
images/ba/90.jpg,10
images/ba/91.jpg,10
images/ba/92.jpg,10
images/ba/93.jpg,10
images/ba/94.jpg,10
images/ba/95.jpg,10
images/ba/96.jpg,10
images/ba/97.jpg,10
images/ba/98.jpg,10
images/ba/99.jpg,10
images/pa/1.jpg,11
images/pa/10.jpg,11
images/pa/100.jpg,11
images/pa/101.jpg,11
images/pa/102.jpg,11
images/pa/103.jpg,11
images/pa/104.jpg,11
images/pa/105.jpg,11
images/pa/106.jpg,11
images/pa/107.jpg,11
images/pa/108.jpg,11
images/pa/109.jpg,11
images/pa/11.jpg,11
images/pa/110.jpg,11
images/pa/111.jpg,11
images/pa/112.jpg,11
images/pa/113.jpg,11
images/pa/114.jpg,11
images/pa/115.jpg,11
images/pa/116.jpg,11
images/pa/117.jpg,11
images/pa/118.jpg,11
images/pa/119.jpg,11
images/pa/12.jpg,11
images/pa/120.jpg,11
images/pa/121.jpg,11
images/pa/122.jpg,11
images/pa/123.jpg,11
images/pa/124.jpg,11
images/pa/125.jpg,11
images/pa/126.jpg,11
images/pa/127.jpg,11
images/pa/128.jpg,11
images/pa/129.jpg,11
images/pa/13.jpg,11
images/pa/130.jpg,11
images/pa/131.jpg,11
images/pa/132.jpg,11
images/pa/133.jpg,11
images/pa/134.jpg,11
images/pa/135.jpg,11
images/pa/136.jpg,11
images/pa/137.jpg,11
images/pa/138.jpg,11
images/pa/139.jpg,11
images/pa/14.jpg,11
images/pa/140.jpg,11
images/pa/141.jpg,11
images/pa/142.jpg,11
images/pa/143.jpg,11
images/pa/144.jpg,11
images/pa/145.jpg,11
images/pa/146.jpg,11
images/pa/147.jpg,11
images/pa/148.jpg,11
images/pa/149.jpg,11
images/pa/15.jpg,11
images/pa/150.jpg,11
images/pa/151.jpg,11
images/pa/152.jpg,11
images/pa/153.jpg,11
images/pa/154.jpg,11
images/pa/155.jpg,11
images/pa/156.jpg,11
images/pa/157.jpg,11
images/pa/158.jpg,11
images/pa/159.jpg,11
images/pa/16.jpg,11
images/pa/160.jpg,11
images/pa/161.jpg,11
images/pa/162.jpg,11
images/pa/163.jpg,11
images/pa/164.jpg,11
images/pa/165.jpg,11
images/pa/166.jpg,11
images/pa/167.jpg,11
images/pa/168.jpg,11
images/pa/169.jpg,11
images/pa/17.jpg,11
images/pa/170.jpg,11
images/pa/171.jpg,11
images/pa/172.jpg,11
images/pa/173.jpg,11
images/pa/174.jpg,11
images/pa/175.jpg,11
images/pa/176.jpg,11
images/pa/177.jpg,11
images/pa/178.jpg,11
images/pa/179.jpg,11
images/pa/18.jpg,11
images/pa/180.jpg,11
images/pa/181.jpg,11
images/pa/182.jpg,11
images/pa/183.jpg,11
images/pa/184.jpg,11
images/pa/185.jpg,11
images/pa/186.jpg,11
images/pa/187.jpg,11
images/pa/188.jpg,11
images/pa/189.jpg,11
images/pa/19.jpg,11
images/pa/190.jpg,11
images/pa/191.jpg,11
images/pa/192.jpg,11
images/pa/193.jpg,11
images/pa/194.jpg,11
images/pa/195.jpg,11
images/pa/196.jpg,11
images/pa/197.jpg,11
images/pa/198.jpg,11
images/pa/199.jpg,11
images/pa/2.jpg,11
images/pa/20.jpg,11
images/pa/200.jpg,11
images/pa/201.jpg,11
images/pa/202.jpg,11
images/pa/203.jpg,11
images/pa/204.jpg,11
images/pa/205.jpg,11
images/pa/206.jpg,11
images/pa/207.jpg,11
images/pa/208.jpg,11
images/pa/209.jpg,11
images/pa/21.jpg,11
images/pa/210.jpg,11
images/pa/211.jpg,11
images/pa/212.jpg,11
images/pa/213.jpg,11
images/pa/214.jpg,11
images/pa/215.jpg,11
images/pa/216.jpg,11
images/pa/217.jpg,11
images/pa/218.jpg,11
images/pa/219.jpg,11
images/pa/22.jpg,11
images/pa/220.jpg,11
images/pa/221.jpg,11
images/pa/222.jpg,11
images/pa/223.jpg,11
images/pa/224.jpg,11
images/pa/225.jpg,11
images/pa/226.jpg,11
images/pa/227.jpg,11
images/pa/228.jpg,11
images/pa/229.jpg,11
images/pa/23.jpg,11
images/pa/230.jpg,11
images/pa/231.jpg,11
images/pa/232.jpg,11
images/pa/233.jpg,11
images/pa/234.jpg,11
images/pa/24.jpg,11
images/pa/25.jpg,11
images/pa/26.jpg,11
images/pa/27.jpg,11
images/pa/28.jpg,11
images/pa/29.jpg,11
images/pa/3.jpg,11
images/pa/30.jpg,11
images/pa/31.jpg,11
images/pa/32.jpg,11
images/pa/33.jpg,11
images/pa/34.jpg,11
images/pa/35.jpg,11
images/pa/36.jpg,11
images/pa/37.jpg,11
images/pa/38.jpg,11
images/pa/39.jpg,11
images/pa/4.jpg,11
images/pa/40.jpg,11
images/pa/41.jpg,11
images/pa/42.jpg,11
images/pa/43.jpg,11
images/pa/44.jpg,11
images/pa/45.jpg,11
images/pa/46.jpg,11
images/pa/47.jpg,11
images/pa/48.jpg,11
images/pa/49.jpg,11
images/pa/5.jpg,11
images/pa/50.jpg,11
images/pa/51.jpg,11
images/pa/52.jpg,11
images/pa/53.jpg,11
images/pa/54.jpg,11
images/pa/55.jpg,11
images/pa/56.jpg,11
images/pa/57.jpg,11
images/pa/58.jpg,11
images/pa/59.jpg,11
images/pa/6.jpg,11
images/pa/60.jpg,11
images/pa/61.jpg,11
images/pa/62.jpg,11
images/pa/63.jpg,11
images/pa/64.jpg,11
images/pa/65.jpg,11
images/pa/66.jpg,11
images/pa/67.jpg,11
images/pa/68.jpg,11
images/pa/69.jpg,11
images/pa/7.jpg,11
images/pa/70.jpg,11
images/pa/71.jpg,11
images/pa/72.jpg,11
images/pa/73.jpg,11
images/pa/74.jpg,11
images/pa/75.jpg,11
images/pa/76.jpg,11
images/pa/77.jpg,11
images/pa/78.jpg,11
images/pa/79.jpg,11
images/pa/8.jpg,11
images/pa/80.jpg,11
images/pa/81.jpg,11
images/pa/82.jpg,11
images/pa/83.jpg,11
images/pa/84.jpg,11
images/pa/85.jpg,11
images/pa/86.jpg,11
images/pa/87.jpg,11
images/pa/88.jpg,11
images/pa/89.jpg,11
images/pa/9.jpg,11
images/pa/90.jpg,11
images/pa/91.jpg,11
images/pa/92.jpg,11
images/pa/93.jpg,11
images/pa/94.jpg,11
images/pa/95.jpg,11
images/pa/96.jpg,11
images/pa/97.jpg,11
images/pa/98.jpg,11
images/pa/99.jpg,11
